id,title
100026,EM77 Granite Vacuum Jug
100027,Hoop Black Magazine Rack
100028,Tier Marine Coffee Table
100030,Woodrow Black Waste Can
100031,Woodrow White Waste Can
100032,Acorn White Pendant Lamp
100034,Nara White Coat Tree
100035,Nara Black Coat Tree
100036,Tosca White Round Laundry Basket
100037,Rin White Tissue Box Cover
100038,Rin Black Tissue Box Cover
100039,Tower Black Side Table
100040,Tower White Side Table
100059,Sierra Stripe Black Throw Blanket
100060,Chenille Tweed Black Throw Blanket
100062,Edgewood Made Black Cheese Cutter
100063,Edgewood Made Black Cheese Knife
100064,Edgewood Made Black Wood Board
100065,Strike Up Match Holder & Striker
100066,Omaggio Silver Medium Vase
100067,Omaggio Silver Small Vase
100068,LSA International Deco Gold Tumblers Set of 8
100069,LSA International Stack Vase Trio Blue
100071,Alaska Nesting Bowl Small
100072,Alaska Nesting Bowl Medium
100215,Ara Black Container
100216,Ara Black Soap Dish
100217,Ara Black Soap Dispenser
100218,Ara Black Toothbrush Cup
100232,"Prisma Chrome 4"" x 4"" Frame"
100233,"Prisma Chrome 5"" x 7"" Frame"
100234,"Prisma Chrome 8"" x 10"" Frame"
100267,Hanalei Scented Soy Candle
100268,Manzanita Scented Soy Candle
100269,Topanga Scented Soy Candle
100270,Float Black Soap Dish
100271,Float White Soap Dish
100272,Tower White Large Floor Basket
100273,Edgewood Made Large Wall Mirror Black
100275,Falcon Black Enamelware 3 Pint Pitcher
100276,Falcon Red Enamelware 3 Pint Pitcher
100277,Falcon White Enamelware 3 Pint Pitcher
100278,LSA International Stack Vase Trio Clear
100279,"Crawford Plaid Throw Pillow Cover 17"" x 17"""
100280,"Crawford Plaid Throw Pillow Cover 12"" x 28"""
100282,Fulton Bed Queen
100283,Fulton Bed King
100286,"Humboldt Framed Weaving 24"" x 24"""
100287,"Humboldt Framed Weaving 40"" x 30"""
100296,Fulton Wood Swatch
100298,Tatami Gray Duvet Cover King
A07052WP,Larch Silver Wrapping Paper
100299,Tatami Gray Duvet Cover Queen
100300,Tatami Gray Pillowcase King Set of 2
100301,Tatami Gray Pillowcase Standard Set of 2
A109034B,Teema Gray Bowl
A109034M,Teema Gray Small Mug
A124084C,HB4 Black Candleholder
A124091TR,HB4 Red Top Rings
A131030WK,Kaico Enamel Water Kettle
A133100LT,Toyo Clear Large Tumbler
A133100MT,Toyo Clear Medium Tumbler
A133100P,Toyo Clear Pitcher
A202030T,Little Big White Trivet
A202094T,Little Big Natural Trivet
A203030B,Tower White Large Stackable Basket
A203030LB,Tower White Laundry Hamper
A203030SB,Tower White Small Stackable Basket
A203084B,Tower Black Large Stackable Basket
A203084CB,Tower Black Large Floor Basket
A203084LB,Tower Black Laundry Hamper
A203084SB,Tower Black Small Stackable Basket
A210030B,Heller White Melamine Bowl
A210030DP,Heller White Melamine Dinner Plate
A210030DS,Heller White 4 Piece Dinnerware Set
A210030M,Heller White Mug
A210030SP,Heller White Melamine Salad Plate
A210084M6,Heller Black Mugs Set of 6
A218124C4,Cabana Round Coasters Set of 4
A22139WP,Stitch Gold Wrapping Paper
A230052F,Walter Stainless Steel 3PC Flatware Set
A287030LP,Staple White Rectangle Large Platter
A292193NC,Gold Nut Cracker
A293147IT,Stainless Steel Ice Tongs
A300030C,Cork White Coasters Set of 4
A300084C,Cork Black Coasters Set of 4
A322124HD,Sade Handmade Doll
A404030L,Hub White Ladder
A404084SM,"Hub Black Mirror 24"""
A404102L,Hub Walnut Ladder
A408094NR,Acacia Circle Napkin Rings Set of 4
A411030VC,Basic Votive Candles Set of 6
A498100IB,Rout Etch Ice Bucket & Tongs
A499100BG,Long Beer Glass
A504043WR,BYO Graphite Wine Rack
A504102WR,BYO Walnut Wine Rack
P97030PSS,"Poly Throw Pillow Insert 17""x17"""
A506048L,Acorn Black & Copper Pendant Lamp
A506145L,Acorn Black & Brass Pendant Lamp
A507030L,Cuna White Pendant Lamp
A507084L,Cuna Black Pendant Lamp
A508030L,Clava Dine White Pendant Lamp
A508145L,Clava Dine Brass Pendant Lamp
A509100LB,Idea LED Lightbulb 7W
A512024S,Lattice Charcoal Stocking
A512034S,Lattice Gray Stocking
A512091S,Lattice Red Stocking
A514147FP,Chambord 3 Cup Chrome French Press
A516084DO,Rin Black Desk Organizer
A517100LC,Schale Large Glass Case
A517100MC,Schale Medium Glass Case
A517100SC,Schale Small Glass Case
A518100LT,Hibi Clear Tumbler 12oz
A518100ST,Hibi Clear Tumbler 7.5oz
A518197LT,Hibi Amber Tumbler 12oz
A518197ST,Hibi Amber Tumbler 7.5oz
A522139KS,Virtu Cheese Knife Set of 4
A571094S,Teak Servers
A572102T,Walnut Tongs
A58124MLD24,My Lady Doll Tillie
A598082PM,Ripple Ivory Placemat
A603027T,Oxford Stripe Navy Linen Dishtowel
A603094T,Oxford Stripe Natural Linen Dishtowel
A62124HMB,Bohdan Horse Mobile
A62124HMG,Rasha Horse Mobile
A69062LH,Chevron Navy Large Hurricane
B001034FS,Martin Gray Sheets Full
B001034KP,Martin Gray Pillowcase King Set of 2
B001034KS,Martin Gray Sheets King
B001034QS,Martin Gray Sheets Queen
B001034SP,Martin Gray Pillowcase Standard Set of 2
B001034TS,Martin Gray Sheets Twin
B001043FD,Martin Graphite Duvet Cover Full
B001043KD,Martin Graphite Duvet Cover King
B001043QD,Martin Graphite Duvet Cover Queen
B001043TD,Martin Graphite Duvet Cover Twin
B006125PM,Juniper Gray/Pink Playmat
B02008TD,Pinstripe Raisin Duvet Cover Twin
B06034CBS,Juniper Organic Gray Crib Skirt
B06034CF,Juniper Organic Gray Crib Sheets Set of 2
100001,Table Tile Graphite Trivet
100002,Cookut Black Dutch Oven 3.2qt
100003,Cookut Black Mini Casseroles Set of 3
100004,Cookut Black Mortar and Pestle
100005,LSA International City Bowl
100006,LSA International City Dome
100007,LSA International Circle Bowl
100008,LSA International Lotta Large Lantern
100009,LSA International Modular White Vase 4x6
100010,LSA International Modular White Vase 8x8
100011,Medaillon Salad Plate
100012,Medaillon Dinner Plate
100013,Medaillon Soup Plate
100014,Medaillon Vegetable Bowl
100015,Medaillon Oval Platter
100016,Medaillon Mug
100017,Medaillon Creamer
100018,Medaillon Sugar Bowl
100019,Medaillon Teapot
100021,Stackable Short Tumbler 10.5oz
100022,Stackable Tall Tumbler 13oz
100023,Bunbuku Black Waste Can
100024,Bunbuku Ivory Waste Can
100025,Bellevue White Pendant Lamp
100157,Savile Stripe Pillowcase King Set of 2
100158,Spencer Chambray Pillowcase Standard Set of 2
100159,Savile Stripe Pillowcase Standard Set of 2
100161,Spencer Chambray + Savile Stripe Reversible Duvet Cover King
100162,Spencer Chambray + Savile Stripe Reversible Duvet Cover Queen
100166,Spencer Chambray Fitted Sheet King
100167,Savile Stripe Fitted Sheet King
100168,Spencer Chambray Fitted Sheet Queen
100169,Savile Stripe Fitted Sheet Queen
100174,Spencer Chambray Flat Sheet King
100175,Savile Stripe Flat Sheet King
100176,Spencer Chambray Flat Sheet Queen
100177,Savile Stripe Flat Sheet Queen
100186,Linen Black and Ivory Plaid Napkin
100189,"Winchester Plaid Throw Pillow Cover 12"" x 28"" #2"
100193,"Winchester Plaid Throw Pillow Cover 12"" x 28"" #5"
100194,"Winchester Plaid Throw Pillow Cover 12"" x 28"" #6"
100195,"Winchester Plaid Throw Pillow Cover 12"" x 28"" #7"
100196,"Winchester Plaid Throw Pillow Cover 12"" x 28"" #8"
100200,"Winchester Plaid Throw Pillow Cover 17"" x 17"" #5"
100212,Edgewood Made Large Wall Mirror Walnut
100213,Edgewood Made Large Wall Mirror Maple
100214,Chevron Sunbrella Throw Blanket
100437,Montauk Coal Rug 5' x 8'
100438,Montauk Coal Rug 8' x 11'
100439,Montauk Cream Rug 5' x 8'
100440,Montauk Cream Rug 8' x 11'
100441,"Edge Stone + Gray Throw Pillow Cover 17"" x 17"""
100442,"Edge Indigo + Plum Throw Pillow Cover 17"" x 17"""
100443,"Edge Teal + Stone Throw Pillow Cover 17"" x 17"""
100444,"Sailor Slate Throw Pillow Cover 12"" x 18"""
100445,"Sailor Slate Throw Pillow Cover 17"" x 17"""
100446,"Sailor Slate Throw Pillow Cover 22"" x 22"""
100447,"Sailor Zest Throw Pillow Cover 12"" x 18"""
100448,"Sailor Zest Throw Pillow Cover 17"" x 17"""
100449,"Sailor Zest Throw Pillow Cover 22"" x 22"""
100463,Linen Ivory and Black Plaid Napkin
100468,White Oak Wood Swatch
100469,Black Stained White Oak Wood Swatch
100470,Edgar Teak Wood Swatch
100471,Irving Graphite Fabric Swatch
100472,Irving Gray Fabric Swatch
A009091LSO,Static Red Large Sphere Ornament
A02034A,Pinstripe Gray Linen Apron
A032100P,Cylinder Pitcher
A166084MD,Ecoustik Black Maple iPad Mini Dock
A166084PD,Ecoustik Black Maple iPhone Dock
A183024LT,Float Navy/White Shirt Large
A183024MKT,Float Navy/White Shirt Kids Me
A189034LT,ABC Gray/Yellow Shirt Large
A189034MT,ABC Gray/Yellow Shirt Medium
A191084RT,Grid Black Small Rectangle Tray
A191084T,Grid Black Round Tray
A191094SP,Grid Serving Plank
A241100TPT,Cast Teapot
A244010AT,Epicurean Slate Angled Turner
A244010MS,Epicurean Slate Medium Spoon
A244010SS,Epicurean Slate Small Spoon
A244010ST,Epicurean Slate Saute Tool
A244084CBS,Epicurean Non-Slip Black Small Cutting Board
A248195C,Heima Cast Iron Candle Holder
A252100M,Kamil Glass Mug
A258048NR,Brushed Copper Napkin Ring
A258084NR,Brushed Black Napkin Ring
A258084V,Brushed Black Vase
A258139NR,Brushed Gold Napkin Ring
A258147NR,Brushed Stainless Steel Napkin Ring
A271084C,Luna Black Candle Holder
A386048BK,Galvin Copper Bread Knife
A386048F,Galvin Copper 5pc Flatware Set
A386048PS,Galvin Copper Pastry Server
A386048SF,Galvin Copper Serve Fork
A3860845PC,Galvin Black 5pc Serve Set
A386084BK,Galvin Black Bread Knife
A386084F,Galvin Black 5pc Flatware Set
A386084PS,Galvin Black Pastry Server
A386084SF,Galvin Black Serve Fork
A386084SS,Galvin Black Salad Servers
A4000301C,Kubus 1 White Candleholder
A4000304C,Kubus 4 White Candleholder
A4000484C,Kubus 4 Copper Candleholder
A469027T,Dash Stripe Navy Linen Dishtowel
A475084LV,Omaggio Black Large Vase
A475084MV,Omaggio Black Medium Vase
A475084MV3,Omaggio Black Mini Vase Set of 3
A481107ST,Cactus Round Tray
A498100DOF,Rout Etch Double Old-Fashioned
A498100HB,Rout Etch High Ball
A553124H,Black Band Large Hamper
A553124P,Black Band Round Placemat
A553124TFB,Black Band Tall Floor Basket
A553124WB,Black Band Waste Basket
A554094B,Natural Nido Basket
A554094TFB,Natural Tall Floor Basket
A554162P,Teal Band Round Placemat
A554165P,Burgundy Band Round Placemat
A555235BO,Disco Bottle Opener
A563082P,Bistro Ivory 5pc Flatware Set
A563084P,Bistro Black 5pc Flatware Set
A565034B,Grace Gray Bowl
A565034DP,Grace Gray Dinner Plate
A565034DS,Grace Gray 3 Piece Dinnerware Set
P97030R,"Feather-Down Throw Pillow Insert 12""x28"""
A565034SB,Grace Gray Serve Bowl
A565034SLP,Grace Gray Salad Plate
A565034SP,Grace Gray Serve Platter
A568100SW,Opal Acrylic Stemless Wine Glass
100105,Block Cart Black
100106,Block Cart White
100107,Gage Copper Pendant Lamp
100108,Gage Chrome Pendant Lamp
100109,Grid Black Shower Curtain
100111,Mini Grid Black Washcloth
100112,Mini Grid Black Hand Towel
100113,Mini Grid Black Bath Towel
100116,Lattice Khaki Bench
100117,Stippled Black Bench
100118,"Winchester Plaid Throw Pillow Cover 12"" x 28"" #1"
100119,"Winchester Plaid Throw Pillow Cover 17"" x 17"" #1"
100120,"Nigel Stripe Throw Pillow Cover 17"" x 17"""
100121,"Nigel Stripe Throw Pillow Cover 12"" x 28"""
100133,Snowfall Painted Ornaments Set of 8
100134,Holiday Dot Painted Ornaments Set of 8
100135,Whitewash Painted Ornaments Set of 8
100138,Fulton 9-Drawer Dresser
100139,Fulton 5-Drawer Chest
100140,Fulton Nightstand
100143,6063 Black Stool
100146,811 Black Cane Armchair
100147,Logan White Bath Towel
100148,Logan Graphite Bath Towel
100149,811 Black Cane Chair
100156,Spencer Chambray Pillowcase King Set of 2
100340,Enamel Matte Black Serving Bowl
100341,Enamel Matte Black Coaster Set of 4
100342,Enamel Matte Black Rectangular Platter
100343,Enamel Matte Black Round Platter
100344,Moon Bowl
100345,LSA International Ivalo Dome and Ash Base
100346,LSA International Lotta Decanter Set
100347,Bistro Teak 5pc Flatware Set
100348,Heathered Black and White Raffia Bowl
100349,Heathered Black and White Raffia Tray
100350,"Meridian Indigo Bowl 13.75"""
100351,"Meridian Indigo Bowl 11.5"""
100352,"Meridian Red Bowl 13.75"""
100353,"Meridian Red Bowl 11.5"""
100374,Windsor Black Dining Set
100375,Windsor White Dining Set
100386,Lattice Black Fabric Swatch
100387,Lattice Khaki Fabric Swatch
100388,Mesh Black Fabric Swatch
100389,Mesh Gray Fabric Swatch
100390,Stippled Black Fabric Swatch
100391,Stippled Navy Fabric Swatch
100393,Analog Black Magazine Rack
100394,Analog White Magazine Rack
100414,Medaillon 3 Piece Dinnerware Set
100415,Heller White 3 Piece Dinnerware Set
100424,"Moglea So Many Things Print 36"" x 48"""
100425,"Moglea Composition No. 14 The Explanation Painting 8"" x 8"""
100426,"Moglea Composition No. 12 Crescendo Painting 16"" x 20"""
100434,"Dawson Plaid Throw Pillow Cover 17"" x 17"""
100435,"Adkin Plaid Throw Pillow Cover 17"" x 17"""
100436,"Delmar Stripe Throw Pillow Cover 17"" x 17"""
A140002TC,Taper Candles Aqua Set of 12
A140002TCI,Taper Candle Aqua Single
A140030TC,Taper Candles White Set of 12
A140030TCI,Taper Candle White Single
A140034TC,Taper Candle Gray Set of 12
A140034TCI,Taper Candle Gray Single
A140084TC,Taper Candles Black Set of 12
A140084TCI,Taper Candle Black Single
A140091TC,Taper Candles Red Set of 12
A140091TCI,Taper Candle Red Single
A148034P,Sarjaton Gray Plates
A161009SSO,Tiles Royal Medium Sphere Ornament
A231139F,Eve Brushed Gold 5pc Flatware Set
A231139FS,Eve Brushed Gold Fork & Spoon Serve Set
A231139PC,Eve Brushed Gold 5PC Serve Set
A231139PS,Eve Brushed Gold Pastry Server
A231139SS,Eve Brushed Gold Salad Servers
A2311475PC,Eve Brushed Stainless Steel 5pc Serve Set
A231147FS,Eve Brushed Stainless Steel Fork & Spoon Serve Set
A231147SS,Eve Brushed Stainless Steel Salad Servers
A231156J,Trophy Brass Bar Jigger
A2312355PC,Eve Chrome 5pc Serve Set
A231235F,Eve Chrome 5pc Flatware Set
A231235FS,Eve Chrome Fork & Spoon Serve Set
A231235PS,Eve Chrome Pastry Server
A231235SS,Eve Chrome Salad Servers
A232100CLV,Gather Clear Large Vase
A232100CMV,Gather Clear Medium Vase
A232100CSV,Gather Clear Small Vase
A232100LV,Gather Frosted Large Vase
A232100MV,Gather Frosted Medium Vase
A232100SV,Gather Frosted Small Vase
A241100G,Cast Water Glass
A241100M,Cast Mug
A241100T,Cast Tumbler
A241100TP,Cast Tall Pitcher
A344034M,Utility Gray Mirror
A346030AC,Braun White Classic Alarm Clock
A346030C,Braun White Calculator
A346084AC,Braun Black Classic Alarm Clock
A346084C,Braun Black Calculator
A362027A,Bakers Stripe Navy Apron
A362027T,Bakers Stripe Navy Dishtowel
A368030B,Tosca White Large Basket
A368030FB,Tosca White Small Basket
A368030LB,Tosca Large Carrying Basket
A369030C,Silicone White Coaster
A369084C,Silicone Black Coaster
A386045PC,Galvin Copper 5pc Serve Set
A386045SS,Galvin Copper Salad Servers
A456084V,Cube Black Vase
A459124CS,Celebrate Greeting Card Set of 6
A461030PC,Poppin White Pen Cup
A461030PT,Poppin White Pen Tray
A461030R,Poppin White Ruler
A461030S,Poppin White Stapler
A461030SR,Poppin White Scissor
A461030TD,Poppin White Tape Dispensor
A461043PC,Poppin Graphite Pen Cup
A461043S,Poppin Graphite Stapler
A461043TD,Poppin Graphite Tape Dispensor
A461084S,Poppin Black Stapler
A461084S,Poppin Black Stapler
A461100R,Poppin Clear Ruler
A537084WB,Rondo Bronze Wine Bucket
A538084C,Stelton Black Creamer
A538084FP,Stelton Black French Press
A538139C,EM77 Gold Vacuum Jug
A538235C,EM77 Chrome Vacuum Jug
A539124DR,Cubes Drink Rocks
A541030V,Radial Stoneware Vase
A543049P,Stand Up Pen Blue Pentagon
A543090P,Stand Up Pen Green Pentagon
A543094P,Stand Up Pen Natural Triangle
A546034LP,Arc Gray Large Planter
A546034SP,Arc Gray Small Planter
A549052NR,Chrome Silver Napkin Ring
A551048SB,Copper Finish Small Bowl
A551156MB,Brass Finish Medium Bowl
A551235LB,Chrome Finish Large Bowl
A552084CC,Black Ceramic Champagne Cooler
A552084SP,Black Ceramic Small Plate
A552084SVP,Black Ceramic Serving Plate
B104129CBS,Shapes Pastel Crib Skirt
B104129CF,Shapes Pastel Crib Sheets Set of 2
B104129CP,Shapes Pastel Changer Covers Set of 2
B104129FD,Shapes Pastel Duvet Cover Full
B104129QD,Shapes Pastel Duvet Cover Queen
B104129TD,Shapes Pastel Duvet Cover Twin
B104129TP,Shapes Pastel Pillowcase Standard Set of 2
B104129TS,Shapes Pastel Sheets Twin
B104152CBS,Shapes Navy + Pastel Crib Skirt
B104152CF,Shapes Navy + Pastel Crib Sheets Set of 2
B104152CP,Shapes Navy + Pastel Changer Covers Set of 2
B104152FD,Shapes Navy + Pastel Duvet Cover Full
B104152TD,Shapes Navy + Pastel Duvet Cover Twin
B104152TP,Shapes Navy + Pastel Pillowcase Standard Set of 2
B104182CBS,Shapes Mint Crib Skirt
B104182CF,Shapes Mint Crib Sheets Set of 2
B104182CP,Shapes Mint Changer Covers Set of 2
B104182FD,Shapes Mint Duvet Cover Full
B104182FS,Shapes Mint Sheets Full
B104182QD,Shapes Mint Duvet Cover Queen
B104182QS,Shapes Mint Sheets Queen
B104182SP,Shapes Mint Pillowcase Standard Set of 2
B104182TD,Shapes Mint Duvet Cover Twin
B104182TS,Shapes Mint Sheets Twin
B106022CBS,Anchors Coral Crib Skirt
B106022CF,Anchors Coral Crib Sheets Set of 2
100074,Aviles Scented Soy Candle Clear
100075,Coquina Scented Soy Candle Gray
100077,Laurel Band Round Placemat
100083,Dove Natural Knit Throw Blanket
100084,"Irving Graphite Sofa 90"""
100085,"Irving Graphite Apartment Sofa 76"""
100086,Irving Graphite Chair
100087,Irving Graphite Ottoman
100088,"Irving Gray Sofa 90"""
100089,"Irving Gray Apartment Sofa 76"""
100090,Irving Gray Chair
100091,Irving Gray Ottoman
100094,Binchotan Charcoal Face Cloth
100095,Omaggio Black Small Vase
100102,Bunbuku Red Waste Can
100103,Bunbuku Gray Waste Can
100104,Folk Gray Candle Holder
100302,811 White Cane Chair
100303,811 White Cane Armchair
100304,Castle Concrete Pendant Lamp
100319,Ribbon Black Wall Shelf
100320,Ribbon White Wall Shelf
100321,Black Large U Wall Shelf
100322,White Large U Wall Shelf
100323,Edgar Teak Chair
100324,Hoyne Wall Mirror
100325,Hoyne Nightstand
100326,Hoyne Chest of Drawers
100327,Ellis Cabinet
100328,Ellis Sideboard
100329,Hoyne Bed King
100330,Hoyne Bed Queen
100331,Perimeter Coffee Table
100332,Cube Black Side Table
100333,Cube White Side Table
100334,Cullom Rectangular Coffee Table
100335,Cullom Round Coffee Table
100336,"Kolmar Black Dining Table 79"""
100337,"Kolmar Black Dining Table 94"""
100338,"Kolmar Natural Dining Table 79"""
100339,"Kolmar Natural Dining Table 94"""
A133100ST,Toyo Clear Small Tumbler
A134030B4,Falcon White Enamelware Bowls Set of 4
A134030DP,Falcon White Enamelware Deep Plates Set of 4
A134030M,Falcon White Enamelware Mug
A134030P4,Falcon White Enamelware Plates Set of 4
A134030PS,Falcon White Enamelware 6PC Prep Set
A134030T,Falcon White Enamelware Tumbler
A134030UP,Falcon White Enamelware Utensil Pot
A134084B4,Falcon Black Enamelware Bowls Set of 4
A134084DP,Falcon Black Enamelware Deep Plates Set of 4
A134084M,Falcon Black Enamelware Mug
A134084P4,Falcon Black Enamelware Plates Set of 4
A134084PS,Falcon Black Enamelware 6PC Prep Set
A134084T,Falcon Black Enamelware Tumbler
A134084UP,Falcon Black Enamelware Utensil Pot
A134091BS,Falcon Red Enamelware Bake Set
A134091M,Falcon Red Enamelware Mug
A134091PP,Falcon Red Enamelware 6PC Prep Set
A134091UP,Falcon Red Enamelware Utensil Pot
A134100ST,Hario Small Glass Tumbler 10oz
A134100T,Hario Large Glass Tumbler 14oz
A327100LJ,Plateau Large Jar
A327100MJ,Plateau Medium Jar
A339202C,Terra.Cotto Nutmeg Casserole
A440156FL,"Prisma Brass 8x10"" Frame"
A440156FS,"Prisma Brass 5x7"" Frame"
A526223GP,Cast Iron Juniper Grill Pan
A526225SP,Cast Iron Ginger Sauce Pot
A526226SP,Cast Iron Paprika Sauce Pot
A526236C,Cast Iron Anise Casserole
A528227CK3,Teak Cheese Knives Set of 3
A529228RB,Acacia Round Board
A529228TB,Acacia Teardrop Board
A530030L,Stoneware Container White Large
A530030M,Stoneware Container White Medium
A530030S,Stoneware Container White Small
A530030XL,Stoneware Container White Extra Large
A530084L,Stoneware Container Black Large
A530084M,Stoneware Container Black Medium
A530084S,Stoneware Container Black Small
A530084XL,Stoneware Container Black Extra Large
A532100C,Kronos Double Wall Champagne
A532100WG,Kronos Double Wall Wine Glass
A535124TIS,Torus Tea Infuser Set
A536034US,Ommo Utensil Set
A537084ST,Rondo Bronze Tray
A537084T,Rondo Bronze Tongs
B06034CP,Juniper Organic Gray Changer Covers Set of 2
B06034FD,Juniper Organic Gray Duvet Cover Full
B06034TD,Juniper Organic Gray Duvet Cover Twin
B06034TP,Juniper Organic Gray Pillowcase Standard Set of 2
B06034TS,Juniper Organic Gray Sheets Twin
B06034TWQ,Juniper Organic Gray Twin Quilt
B06103CBS,Juniper Organic Light Pink Crib Skirt
B06103CF,Juniper Organic Light Pink Crib Sheets Set of 2
B06103FD,Juniper Organic Light Pink Duvet Cover Full
B06103TD,Juniper Organic Light Pink Duvet Cover Twin
B06103TS,Juniper Organic Light Pink Sheets Twin
B07061QD,Larch Plum Duvet Cover Queen
B07061QP,Larch Plum Pillowcase Queen Set of 2
B07061TD,Larch Plum Duvet Cover Twin
B099034FS,Solid Gray Sheets Full
B099034QS,Solid Gray Sheets Queen
B099034SP,Solid Gray Pillowcase Standard Set of 2
B099037QS,Solid Rose Sheets Queen
B099037SP,Solid Rose Pillowcase Standard Set of 2
B099037TS,Solid Rose Sheets Twin
B099221KQ,L&E Solid Navy/Gray Reversible Quilt King
B099221QQ,L&E Solid Navy/Gray Reversible Quilt Queen
B099221TQ,L&E Solid Navy/Gray Reversible Quilt Twin
B104034CBS,Shapes Gray Crib Skirt
B104034CF,Shapes Gray Crib Sheets Set of 2
B104034CP,Shapes Gray Changer Covers Set of 2
B17064TD,Dover Ocean Duvet Cover Twin
B18001CF,Sailor Poppy Crib Sheets Set of 2
B18001CP,Sailor Poppy Changer Covers Set of 2
B18001FS,Sailor Poppy Sheets Full
B18034CBS,Sailor Gray Crib Skirt
B18034CF,Sailor Gray Crib Sheets Set of 2
B18034FS,Sailor Gray Sheets Full
B18034TS,Sailor Gray Sheets Twin
B18054TS,Sailor Pewter Sheets Twin
B18059KS,Sailor Forest Sheets King
B18062KS,Sailor Navy Sheets King
B18103CBS,Sailor Light Pink Crib Skirt
B18103CF,Sailor Light Pink Crib Sheets Set of 2
B18103CP,Sailor Light Pink Changer Covers Set of 2
B18105CBS,Sailor Boysenberry Crib Skirt
B18105CF,Sailor Boysenberry Crib Sheets Set of 2
B18105CP,Sailor Boysenberry Changer Covers Set of 2
B18105FS,Sailor Boysenberry Sheets Full
B18107CBS,Sailor Yellow Crib Skirt
B18107CF,Sailor Yellow Crib Sheets Set of 2
B16057TD,Ellison Forest + Umber Duvet Cover Twin
B16059ES,Ellison Forest Sham Euro
B16059TS,Ellison Forest Sham Standard
B16060ES,Ellison Umber Euro Pillow Sham
B16060KS,Ellison Umber King Pillow Sham
B16060TS,Ellison Umber Standard Pillow Sham
B161006CKS,Tiles Lilac Sheets California King
B161006KD,Tiles Lilac Duvet Cover King
B161006KS,Tiles Lilac Sheets King
B161006QD,Tiles Lilac Duvet Cover Queen
B161006TS,Tiles Lilac Sheets Twin
B161025CKS,Tiles Lemon Sheets California King
B161025KD,Tiles Lemon Duvet Cover King
B161025KS,Tiles Lemon Sheets King
B161025QD,Tiles Lemon Duvet Cover Queen
B161025TD,Tiles Lemon Duvet Cover Twin
B161025TS,Tiles Lemon Sheets Twin
B17063KS,Dover Cinder Sheets King
B17063TS,Dover Cinder Sheets Twin
B19034TS,Regatta Gray Sheets Twin
B19054KS,Regatta Pewter Sheets King
B19054TS,Regatta Pewter Sheets Twin
B19062FS,Regatta Navy Sheets Full
B19062KS,Regatta Navy Sheets King
B19062QS,Regatta Navy Sheets Queen
B19062TS,Regatta Navy Sheets Twin
B19103CBS,Regatta Light Pink Crib Skirt
B19103CF,Regatta Light Pink Crib Sheets Set of 2
B19103CP,Regatta Light Pink Changer Covers Set of 2
B19103TS,Regatta Light Pink Sheets Twin
B191049TB,Unison x The Weaving Mill Throw Blanket
B19105CBS,Regatta Boysenberry Crib Skirt
B19105CF,Regatta Boysenberry Crib Sheets Set of 2
B19105CP,Regatta Boysenberry Changer Covers Set of 2
B19105FS,Regatta Boysenberry Sheets Full
B19105TS,Regatta Boysenberry Sheets Twin
B19107CBS,Regatta Yellow Crib Skirt
B19107CF,Regatta Yellow Crib Sheets Set of 2
B19107CP,Regatta Yellow Changer Covers Set of 2
B19107FS,Regatta Yellow Sheets Full
B19107TS,Regatta Yellow Sheets Twin
B191084B,Grid Black Knit Throw Blanket
B191084ES,Grid Black Euro Sham Set of 2
B394032B,Sonia Graphite Knit Throw Blanket
B416030ES,Himmeli White Matelasse Sham Euro
B416030KC,Himmeli White Matelasse Coverlet King
B416030KS,Himmeli White Matelasse Sham King
B416030QC,Himmeli White Matelasse Coverlet Queen
B416030QD,Himmeli White Matelasse Duvet Cover Queen
B416030SS,Himmeli White Matelasse Sham Standard
B416030TC,Himmeli White Matelasse Coverlet Twin
B416030TD,Himmeli White Matelasse Duvet Cover Twin
B416034ES,Himmeli Gray Matelasse Sham Euro
B416034KC,Himmeli Gray Matelasse Coverlet King
B416034KD,Himmeli Gray Matelasse Duvet Cover King
B416034KS,Himmeli Gray Matelasse Sham King
B416034QC,Himmeli Gray Matelasse Coverlet Queen
B416034QD,Himmeli Gray Matelasse Duvet Cover Queen
B416034SS,Himmeli Gray Matelasse Sham Standard
B416034TC,Himmeli Gray Matelasse Coverlet Twin
B416034TD,Himmeli Gray Matelasse Duvet Cover Twin
B467007ES,Chambray Sky Euro Sham Set of 2
B467007FS,Chambray Sky Sheets Full
B467007KP,Chambray Sky Pillowcase King Set of 2
B467007KS,Chambray Sky Sheets King
B467007QS,Chambray Sky Sheets Queen
B467007SP,Chambray Sky Pillowcase Standard Set of 2
B467007TS,Chambray Sky Sheets Twin
B467044FS,Chambray Stone Sheets Full
B467044KP,Chambray Stone Pillowcase King Set of 2
B467044KS,Chambray Stone Sheets King
B467044QS,Chambray Stone Sheets Queen
D201124MF,Koi Photograph Framed
D28105F,Sailor Boysenberry Pennant
D377182WH,House Plants Print White Frame
D42127P,Geometry Primary Print
D42128P,Geometry Secondary Print
D42129P,Geometry Pastel Print
D425043WP,Diamond Graphite Removable Wallpaper Tiles Set of 2
D512052WP,Lattice Silver Wallpaper
D512139WP,Lattice Gold Wallpaper
D513048WP,Sashi Geo Copper Wallpaper
H484034BT,Milano Gray Bath Towel
H484034HT,Milano Gray Hand Towel
H484034WC,Milano Gray Washcloth
H564030SC,Harrison White Shower Curtain
H595030BM,Division White Bath Mat
LF512038UBFK,Lattice Khaki French Seam Platform Bed King
LF512038UBFQ,Lattice Khaki French Seam Platform Bed Queen
LF512038UBFT,Lattice Khaki French Seam Platform Bed Twin
LF512084UBFK,Lattice Black French Seam Platform Bed King
LF512084UBFQ,Lattice Black French Seam Platform Bed Queen
LF512084UBFT,Lattice Black French Seam Platform Bed Twin
LF574094HC,Canopy Rattan Hanging Chair
LF575237T,Trestle Teak Dining Table
LF577030S,Havana White Sofa
P158177S,"Gingham Coffee Throw Pillow Cover 17"" x 17"""
P158177SR,"Gingham Coffee Throw Pillow Cover 12"" x 18"""
P159084GS,"Aerial Black Throw Pillow Cover 22"" x 22"""
P159084S,"Aerial Black Throw Pillow Cover 17"" x 17"""
P159084SR,"Aerial Black Throw Pillow Cover 12"" x 18"""
P159163SR,"Aerial Patina Throw Pillow Cover 12"" x 18"""
P159179GS,"Aerial Cobalt Throw Pillow Cover 22"" x 22"""
P159182GS,"Aerial Mint Throw Pillow Cover 22"" x 22"""
P159182S,"Aerial Mint Throw Pillow Cover 17"" x 17"""
P160037GS,"Buffalo Rose Throw Pillow Cover 22"" x 22"""
P160038GS,"Buffalo Khaki Throw Pillow Cover 22"" x 22"""
P160171GS,"Buffalo Maroon Throw Pillow Cover 22"" x 22"""
P160182GS,"Buffalo Mint Throw Pillow Cover 22"" x 22"""
P160184GS,"Buffalo Rainbow Throw Pillow Cover 22"" x 22"""
P161001GS,"Tiles Poppy Throw Pillow Cover 22"" x 22"""
P161001S,"Tiles Poppy Throw Pillow Cover 17"" x 17"""
P161001SR,"Tiles Poppy Throw Pillow Cover 12"" x 18"""
P161009GS,"Tiles Royal Throw Pillow Cover 22"" x 22"""
P161009S,"Tiles Royal Throw Pillow Cover 17"" x 17"""
P161009SR,"Tiles Royal Throw Pillow Cover 12"" x 18"""
P161022GS,"Tiles Coral Linen Throw Pillow Cover 22"" x 22"""
P161022S,"Tiles Coral Linen Throw Pillow Cover 17"" x 17"""
P161034GS,"Tiles Gray Throw Pillow Cover 22"" x 22"""
P161034S,"Tiles Gray Throw Pillow Cover 17"" x 17"""
P161034SR,"Tiles Gray Throw Pillow Cover 12"" x 18"""
P161038GS,"Tiles Khaki Outdoor Throw Pillow Cover 22"" x 22"""
P161082GS,"Tiles Ivory Throw Pillow Cover 22"" x 22"""
P161082S,"Tiles Ivory Throw Pillow Cover 17"" x 17"""
P161082SR,"Tiles Ivory Throw Pillow Cover 12"" x 18"""
P21085S,"Rope Eggplant Throw Pillow Cover 17"" x 17"""
P21085SR,"Rope Eggplant Throw Pillow Cover 12"" x 18"""
P21104GS,"Rope Fuchsia Throw Pillow Cover 22"" x 22"""
P21104R,"Rope Fuchsia Throw Pillow Cover 12"" x 28"""
P21104S,"Rope Fuchsia Throw Pillow Cover 17"" x 17"""
P21104SR,"Rope Fuchsia Throw Pillow Cover 12"" x 18"""
P217084GS,"Sprinkles Black Throw Pillow Cover 22"" x 22"""
P217084S,"Sprinkles Black Throw Pillow Cover 17"" x 17"""
P217084SR,"Sprinkles Black Throw Pillow Cover 12"" x 18"""
P217179GS,"Sprinkles Cobalt Throw Pillow Cover 22"" x 22"""
P217179S,"Sprinkles Cobalt Throw Pillow Cover 17"" x 17"""
P217179SR,"Sprinkles Cobalt Throw Pillow Cover 12"" x 18"""
P22084R,"Stitch Black Throw Pillow Cover 12"" x 28"""
P22084SR,"Stitch Black Throw Pillow Cover 12"" x 18"""
P22085R,"Stitch Eggplant Throw Pillow Cover 12"" x 28"""
P250001GS,"Harvest Poppy Throw Pillow Cover 22"" x 22"""
P250001R,"Harvest Poppy Throw Pillow Cover 14"" x 21"""
P250084R,"Harvest Black Throw Pillow Cover 14"" x 21"""
P250131GS,"Harvest Peach Throw Pillow Cover 22"" x 22"""
P250131R,"Harvest Peach Throw Pillow Cover 14"" x 21"""
SF588084C,Windsor Black Chair
SF588084T,Windsor Black Table
T06015KA,Juniper Flint Kids Apron
T07019KA,Larch Moss Kids Apron
T104182A,Shapes Mint Apron
T104182N,Shapes Mint Napkin
T104183A,Shapes Cantaloupe Apron
T104183PM,Shapes Cantaloupe Placemat
T145081A,Ahoy Cranberry Apron
T145081P,Ahoy Cranberry Placemat
T145081PH,Ahoy Cranberry Pot Holder
B106022CP,Anchors Coral Changer Covers Set of 2
B106022FD,Anchors Coral Duvet Cover Full
B106022FS,Anchors Coral Sheets Full
B106022QD,Anchors Coral Duvet Cover Queen
B106022SP,Anchors Coral Pillowcase Standard Set of 2
B106022TD,Anchors Coral Duvet Cover Twin
B106049CBS,Anchors Blue Crib Skirt
B106049CF,Anchors Blue Crib Sheets Set of 2
B106049CP,Anchors Blue Changer Covers Set of 2
B106049QD,Anchors Blue Duvet Cover Queen
B106049QS,Anchors Blue Sheets Queen
B106049TD,Anchors Blue Duvet Cover Twin
B107022CBS,Anchors Stripe Coral Crib Skirt
B107022FD,Anchors Stripe Coral Duvet Cover Full
B107022QD,Anchors Stripe Coral Duvet Cover Queen
P97030PSGS,"Poly Throw Pillow Insert 22""x22"""
B107022SP,Anchors Stripe Coral Pillowcase Standard Set of 2
B107022TD,Anchors Stripe Coral Duvet Cover Twin
B107049CBS,Anchors Stripe Blue Crib Skirt
B107049FD,Anchors Stripe Blue Duvet Cover Full
B107049QD,Anchors Stripe Blue Duvet Cover Queen
B107049TD,Anchors Stripe Blue Duvet Cover Twin
B13049TD,Porter Blue Duvet Cover Twin
B16057KQ,Ellison Forest + Umber King Quilt
B16057QQ,Ellison Forest + Umber Queen Quilt
B185182FD,Alphablocks Mint Duvet Cover Full
B185182QD,Alphablocks Mint Duvet Cover Queen
P97030S,"Feather-Down Throw Pillow Insert 17""x17"""
B185182SP,Alphablocks Mint Pillowcase Standard Set of 2
B185182TD,Alphablocks Mint Duvet Cover Twin
B186049CBS,Dots Blue Crib Skirt
B186049FS,Dots Blue Sheets Full
B186049TS,Dots Blue Sheets Twin
B186182CBS,Dots Mint Crib Skirt
B186182FS,Dots Mint Sheets Full
B186182QS,Dots Mint Sheets Queen
B186182TS,Dots Mint Sheets Twin
B188043ES,Float Graphite Euro Sham Set of 2
B188043FD,Float Graphite Duvet Cover Full
B188043QD,Float Graphite Duvet Cover Queen
B188043TD,Float Graphite Duvet Cover Twin
B188125ES,Float Pink Euro Sham Set of 2
B188125FD,Float Pink Duvet Cover Full
B188125QD,Float Pink Duvet Cover Queen
B188125TD,Float Pink Duvet Cover Twin
B19001CBS,Regatta Poppy Crib Skirt
B19001CF,Regatta Poppy Crib Sheets Set of 2
B19001FS,Regatta Poppy Sheets Full
B19034CBS,Regatta Gray Crib Skirt
B19034CF,Regatta Gray Crib Sheets Set of 2
B19034CP,Regatta Gray Changer Covers Set of 2
B19034FS,Regatta Gray Sheets Full
B28034TD,Sailor + Regatta Gray Duvet Cover Twin
B28059KD,Sailor + Regatta Forest Duvet Cover King
B28103FD,Sailor + Regatta Light Pink Duvet Cover Full
B28103TD,Sailor + Regatta Light Pink Duvet Cover Twin
B28103TDQ,Sailor + Regatta Light Pink Toddler Quilt
B28103TWQ,Sailor + Regatta Light Pink Twin Quilt
B28107TD,Sailor + Regatta Yellow Duvet Cover Twin
B329034B,Strata Gray Knit Throw Blanket
B329084B,Strata Black Knit Throw Blanket
B385140ES,Flannel Indigo Euro Sham Set of 2
B385140FS,Flannel Indigo Sheets Full + Pillowcase Set
B385140KD,Flannel Indigo Duvet Cover King
B385140KP,Flannel Indigo Pillowcase King Set of 2
B385140KS,Flannel Indigo Sheets King + Pillowcase Set
B385140QD,Flannel Indigo Duvet Cover Queen
B385140QS,Flannel Indigo Sheets Queen + Pillowcase Set
B385140SP,Flannel Indigo Pillowcase Standard Set of 2
B385140TS,Flannel Indigo Sheets Twin + Pillowcase (1)
D106062WH,Anchor Print White Frame
D145149P,Ahoy Print
D145149PWH,Ahoy Print White Frame
D172138P1,Coyote Buttes Photograph Image 1
D172138P2,Coyote Buttes Photograph Image 2
D172138P3,Coyote Buttes Photograph Image 3
D183043F,Float Graphite Pennant
D183125P,Float Pink Print
D183125PF,Float Pink Print Pink Frame
D183125WWF,Float Pink Print Whitewash Frame
D185049BF,Alphablocks Blue Print Blue Frame
D185049P,Alphablocks Blue Print
D185131F,Alphablocks Peach Pennant
D185182P,Alphablocks Mint Print
D188043P,Float Graphite Print
D189107P,ABC Print
D189107WF,ABC Print White Frame
D189107YF,ABC Print Yellow Frame
D190125P,COOL Print
D190125PF,COOL Print Pink Frame
D190125WF,COOL Print White Frame
D191043WP,Grid Graphite Wallpaper
D191051WP,Grid Midnight Wallpaper
D191084WP,Grid Black Wallpaper
H203030TB,Tower White Toothbrush Holder
H203084SD,Tower Black Soap Dish
H203084TB,Tower Black Toothbrush Holder
H207030HC,Swedish Sea Salt Hand Cream
H207030S,Swedish Dream Sea Salt Soap
H212024S,Binchotan Charcoal Facial Soap
H212024WC,Binchotan Charcoal Washcloth
H212030TB,Binchotan Charcoal White Toothbrush
H212049TB,Binchotan Charcoal Blue Toothbrush
H212084TB,Binchotan Charcoal Black Toothbrush
H212091TB,Binchotan Charcoal Red Toothbrush
H212107TB,Binchotan Charcoal Yellow Toothbrush
H22150SC,Stitch White + Black Shower Curtain
H403147SR,Glide Chrome Shower Rings Set of 12
P130165S,"Color Block Burgundy Throw Pillow Cover 17"" x 17"""
P130165SR,"Color Block Burgundy Throw Pillow Cover 12"" x 18"""
P145020GS,"Ahoy Turquoise Throw Pillow Cover 22"" x 22"""
P145020S,"Ahoy Turquoise Throw Pillow Cover 17"" x 17"""
P145020SR,"Ahoy Turquoise Throw Pillow Cover 12"" x 18"""
P145022GS,"Ahoy Coral Throw Pillow Cover 22"" x 22"""
P145022S,"Ahoy Coral Throw Pillow Cover 17"" x 17"""
P145022SR,"Ahoy Coral Throw Pillow Cover 12"" x 18"""
P145081GS,"Ahoy Cranberry Throw Pillow Cover 22"" x 22"""
P145081S,"Ahoy Cranberry Throw Pillow Cover 18"" x 18"""
P145107GS,"Ahoy Yellow Throw Pillow Cover 22"" x 22"""
P145107S,"Ahoy Yellow Throw Pillow Cover 17"" x 17"""
P145107SR,"Ahoy Yellow Throw Pillow Cover 12"" x 18"""
P145177GS,"Ahoy Coffee Throw Pillow Cover 22"" x 22"""
P145177S,"Ahoy Coffee Throw Pillow Cover 18"" x 18"""
P158009S,"Gingham Royal Throw Pillow Cover 17"" x 17"""
P158020GS,"Gingham Turquoise Throw Pillow Cover 22"" x 22"""
P158020S,"Gingham Turquoise Throw Pillow Cover 17"" x 17"""
P158020SR,"Gingham Turquoise Throw Pillow Cover 12"" x 18"""
P158022GS,"Gingham Coral Throw Pillow Cover 22"" x 22"""
P158022S,"Gingham Coral Throw Pillow Cover 17"" x 17"""
P158034GS,"Gingham Gray Throw Pillow Cover 22"" x 22"""
P158034S,"Gingham Gray Throw Pillow Cover 17"" x 17"""
P158034SR,"Gingham Gray Throw Pillow Cover 12"" x 18"""
P158043GS,"Gingham Graphite Throw Pillow Cover 22"" x 22"""
P158043S,"Gingham Graphite Throw Pillow Cover 17"" x 17"""
P158043SR,"Gingham Graphite Throw Pillow Cover 12"" x 18"""
P158091S,"Gingham Red Throw Pillow Cover 17"" x 17"""
P158171GS,"Gingham Maroon Throw Pillow Cover 22"" x 22"""
P158171S,"Gingham Maroon Throw Pillow Cover 17"" x 17"""
P158171SR,"Gingham Maroon Throw Pillow Cover 12"" x 18"""
P158177GS,"Gingham Coffee Throw Pillow Cover 22"" x 22"""
P187131GS,"Big Alphablocks Peach Throw Pillow Cover 22"" x 22"""
P187182GS,"Big Alphablocks Mint Throw Pillow Cover 22"" x 22"""
P192020GS,"Big Tiles Turquoise Throw Pillow Cover 22"" x 22"""
P192161GS,"Big Tiles Lime Throw Pillow Cover 22"" x 22"""
P20025S,"Maritime Lemon Throw Pillow Cover 17"" x 17"""
P20080GS,"Maritime Wheat Throw Pillow Cover 22"" x 22"""
P20080R,"Maritime Wheat Throw Pillow Cover 12"" x 28"""
P20080SR,"Maritime Wheat Throw Pillow Cover 12"" x 18"""
P20087SR,"Maritime Mistletoe Throw Pillow Cover 12"" x 18"""
P20089GS,"Maritime Chestnut Throw Pillow Cover 22"" x 22"""
P20089R,"Maritime Chestnut Throw Pillow Cover 12"" x 28"""
P20089S,"Maritime Chestnut Throw Pillow Cover 17"" x 17"""
P20089SR,"Maritime Chestnut Throw Pillow Cover 12"" x 18"""
P21020S,"Rope Turquoise Throw Pillow Cover 17"" x 17"""
P21048GS,"Rope Copper Throw Pillow Cover 22"" x 22"""
P21048R,"Rope Copper Throw Pillow Cover 12"" x 28"""
P21048S,"Rope Copper Throw Pillow Cover 17"" x 17"""
P21048SR,"Rope Copper Throw Pillow Cover 12"" x 18"""
P21062GS,"Rope Navy Throw Pillow Cover 22"" x 22"""
P21062R,"Rope Navy Throw Pillow Cover 12"" x 28"""
P21062S,"Rope Navy Throw Pillow Cover 17"" x 17"""
P21062SR,"Rope Navy Throw Pillow Cover 12"" x 18"""
P21081GS,"Rope Cranberry Throw Pillow Cover 22"" x 22"""
P21081R,"Rope Cranberry Throw Pillow Cover 12"" x 28"""
P21081S,"Rope Cranberry Throw Pillow Cover 17"" x 17"""
P21081SR,"Rope Cranberry Throw Pillow Cover 12"" x 18"""
P21085GS,"Rope Eggplant Throw Pillow Cover 22"" x 22"""
P21085R,"Rope Eggplant Throw Pillow Cover 12"" x 28"""
R601094XSJR,Variegated Stripe Jute Rug 2' x 3'
R78084MLHR,Ombre Black Handwoven Rug 6' x 9'
R78084SHR,Ombre Black Handwoven Rug 4' x 6'
SF229034S,Triplet Gray Shelf
SF230034CT,Tier Gray Coffee Table
SF230034ST,Tier Gray Side Table
SF471034ST,Hexa Gray Side Table
SF515030ST,Tri White Side Table
SF515084ST,Tri Black Side Table
SF527034S,Wow Gray Shelf & Brackets
SF527186S,Wow Black Shelf & Brackets
SF573084BS,Boulevard Black Bar Stool
SF573084C,Boulevard Black Side Chair
SF573084S,Boulevard Black Stool
SF576094O,Franco Albini Rattan Ottoman
SF578084FL,LaSalle Black Floor Lamp
SF578084TL,LaSalle Black Table Lamp
SF579030TL,Canal White Table Lamp
SF579084FL,Canal Black Floor Lamp
SF580084TL,Stead Black Table Lamp
SF581084PL,Bellevue Black Pendant Lamp
SF587030ST,Lexy White Side Table
SF587084ST,Lexy Black Side Table
SF588030C,Windsor White Chair
SF588030T,Windsor White Table
B18107CP,Sailor Yellow Changer Covers Set of 2
B18107FS,Sailor Yellow Sheets Full
B18107TS,Sailor Yellow Sheets Twin
B18108CBS,Sailor Marine Crib Skirt
B18108CF,Sailor Marine Crib Sheets Set of 2
B18108CP,Sailor Marine Changer Covers Set of 2
B183043CBS,Float Graphite Crib Skirt
B183043CF,Big Float + Float Graphite Crib Sheets Set of 2
B183043CP,Big Float + Float Graphite Changer Covers Set of 2
B183043FS,Float Graphite Sheets Full
B183043QS,Float Graphite Sheets Queen
B183043SP,Float Graphite Pillowcase Standard Set of 2
B183043TS,Float Graphite Sheets Twin
B183125CBS,Float Pink Crib Skirt
B183125CF,Big Float + Float Pink Crib Sheets Set of 2
B183125CP,Big Float + Float Pink Changer Covers Set of 2 Set
B183125FS,Float Pink Sheets Full
B183125QS,Float Pink Sheets Queen
B183125SP,Float Pink Pillowcase Standard Set of 2
B183125TS,Float Pink Sheets Twin
B185049CF,Alphablocks + Dots Blue Crib Sheets Set of 2
B185049CP,Alphablocks + Dots Blue Changer Covers Set of 2 Set
B185049FD,Alphablocks Blue Duvet Cover Full
B185049QD,Alphablocks Blue Duvet Cover Queen
B185049SP,Alphablocks Blue Pillowcase Standard Set of 2
B185049TD,Alphablocks Blue Duvet Cover Twin
B185182CF,Alphablocks + Dots Mint Crib Sheets Set of 2
B185182CP,Alphablocks + Dots Mint Changer Covers Set of 2
B218034FD,Cabana Gray Duvet Cover Full
B218034SP,Cabana Gray Pillowcase Standard Set of 2
B218034TD,Cabana Gray Duvet Cover Twin
B218084KP,Cabana Black Pillowcase King Set of 2
B218084TS,Cabana Black Sheets Twin
B22148KD,Stitch Black + White Reversible Duvet Cover King
B22148KP,Stitch Black + White Pillowcase King Set of 2
B22148QD,Stitch Black + White Reversible Duvet Cover Queen
B22148TD,Stitch Black + White Reversible Duvet Cover Twin
B22148TP,Stitch Black + White Pillowcase Standard Set of 2
B22149QD,Stitch Pewter + White Duvet Cover Queen
B22149TD,Stitch Pewter + White Duvet Cover Twin
B22150FS,Stitch White + Black Sheets Full
B22150KP,Stitch White + Black Pillowcase King Set of 2
B22150KS,Stitch White + Black Sheets King
B22150QS,Stitch White + Black Sheets Queen
B22150TP,Stitch White + Black Pillowcase Standard Set of 2
B22150TS,Stitch White + Black Sheets Twin
B22151TS,Stitch White + Pewter Sheets Twin
B28001FD,Sailor + Regatta Poppy Duvet Cover Full
B547049SP,Humboldt Blue Pillowcase Standard Set of 2
B547049TD,Humboldt Blue Duvet Cover Twin
B548027KS2,Linen Navy Sham King Set of 2
B548027SS2,Linen Navy Sham Standard Set of 2
B548049KD,Linen Color Block Duvet Cover King
B548049KS,Linen Powder Blue Sheets King
B548049KS2,Linen Powder Blue Sham King Set of 2
B548049QD,Linen Color Block Duvet Cover Queen
B548049QS,Linen Powder Blue Sheets Queen
B548049SS2,Linen Powder Blue Sham Standard Set of 2
B602034TB,Jackson Gray Wool Throw Blanket
B602049TB,Jackson Blue Wool Throw Blanket
B97030KP,Premium Down Bed Pillow Fill King
B97030TP,Premium Down Bed Pillow Fill Standard
B98030FD,Premium Down Duvet Cover Fill Full
B98030KD,Premium Down Duvet Cover Fill King
B98030QD,Premium Down Duvet Cover Fill Queen
B98030TD,Premium Down Duvet Cover Fill Twin
BS05003KQ,Wideband Pink + Beige King Quilt
C145020P,Ahoy Turquoise Pouf
C183125P,Float Pink Pouf
C599043O,Two Tone Graphite Ottoman
G183125CP,Float Pink Coin Pouch
G183125TB,Float Pink Tote Bag
G185049CP,Alphablocks Blue Coin Pouch
G185049EB,Alphablocks Blue Eyeglass Bag
G185049TB,Alphablocks Blue Tote Bag
G185107CP,Alphablocks Yellow Coin Pouch
G185107EB,Alphablocks Yellow Eyeglass Bag
G185107TB,Alphablocks Yellow Tote Bag
G29116STB,Tembea Natural/Black Toiletry Small
G29121STB,Tembea Navy/Black Toiletry Small
H022084BT,Stitch Black + White Bath Towel
H022084HT,Stitch Black + White Hand Towel
H022084WC,Stitch Black + White Washcloth
H07065SC,Larch Ash Shower Curtain
H104182SC,Shapes Mint Shower Curtain
H106049SC,Anchors Blue Shower Curtain
H161025SC,Tiles Lemon Shower Curtain
H180030HT,Logan White Hand Towel
H180030WC,Logan White Washcloth
H180043HT,Logan Graphite Hand Towel
H180043WC,Logan Graphite Washcloth
H18054SC,Sailor Pewter Shower Curtain
H183125SC,Float Pink Shower Curtain
H203030SD,Tower White Soap Dish
LF597084UBFK,Stippled Black Platform Bed King
LF597084UBFQ,Stippled Black Platform Bed Queen
LF597084UBFT,Stippled Black Platform Bed Twin
P04020R,"Track Turquoise Throw Pillow Cover 12"" x 28"""
P04020S,"Track Turquoise Throw Pillow Cover 17"" x 17"""
P04045L,Track Light Pink Roll
P04045S,"Track Light Pink Throw Pillow Cover 17"" x 17"""
P08018GS,"Lush Blackberry Throw Pillow Cover 22"" x 22"""
P08037GS,"Lush Rose Throw Pillow Cover 22"" x 22"""
P08037S,"Lush Rose Throw Pillow Cover 17"" x 17"""
P08079GS,"Lush Olive Throw Pillow Cover 22"" x 22"""
P08079S,"Lush Olive Throw Pillow Cover 17"" x 17"""
P08131GS,"Lush Peach Throw Pillow Cover 22"" x 22"""
P104001GS,"Shapes Poppy Throw Pillow Cover 22"" x 22"""
P104001S,"Shapes Poppy Throw Pillow Cover 17"" x 17"""
P104009GS,"Shapes Royal Throw Pillow Cover 22"" x 22"""
P104009S,"Shapes Royal Throw Pillow Cover 17"" x 17"""
P104084GS,"Shapes Black Throw Pillow Cover 22"" x 22"""
P104084S,"Shapes Black Throw Pillow Cover 17"" x 17"""
P104107GS,"Shapes Yellow Throw Pillow Cover 22"" x 22"""
P104170GS,"Shapes Gray + Royal Throw Pillow Cover 22"" x 22"""
P104170S,"Shapes Gray + Royal Throw Pillow Cover 17"" x 17"""
P104182GS,"Shapes Mint Throw Pillow Cover 22"" x 22"""
P104182S,"Shapes Mint Throw Pillow Cover 17"" x 17"""
P104183GS,"Shapes Cantaloupe Throw Pillow Cover 22"" x 22"""
P104183S,"Shapes Cantaloupe Throw Pillow Cover 17"" x 17"""
P106049GS,"Anchors Blue Throw Pillow Cover 22"" x 22"""
P106049S,"Anchors Blue Throw Pillow Cover 17"" x 17"""
P11037GS,"Reed Rose Throw Pillow Cover 22"" x 22"""
P183026GS,"Float Purple Throw Pillow Cover 22"" x 22"""
P183026S,"Float Purple Throw Pillow Cover 18"" x 18"""
P183038GS,"Float Khaki Throw Pillow Cover 22"" x 22"""
P183038S,"Float Khaki Throw Pillow Cover 18"" x 18"""
P183107GS,"Float Yellow Throw Pillow Cover 22"" x 22"""
P183107S,"Float Yellow Throw Pillow Cover 18"" x 18"""
P183125GS,"Float Pink Throw Pillow Cover 22"" x 22"""
P183125S,"Float Pink Throw Pillow Cover 18"" x 18"""
P185049S,"Alphablocks Blue Throw Pillow Cover 17"" x 17"""
P185049SR,"Alphablocks Blue Throw Pillow Cover 12"" x 18"""
P185107S,"Alphablocks Yellow Throw Pillow Cover 17"" x 17"""
P185107SR,"Alphablocks Yellow Throw Pillow Cover 12"" x 18"""
P185131S,"Alphablocks Peach Throw Pillow Cover 17"" x 17"""
P185131SR,"Alphablocks Peach Throw Pillow Cover 12"" x 18"""
P185182S,"Alphablocks Mint Throw Pillow Cover 17"" x 17"""
P185182SR,"Alphablocks Mint Throw Pillow Cover 12"" x 18"""
P186001SR,"Dots Poppy Throw Pillow Cover 12"" x 18"""
P186009SR,"Dots Royal Throw Pillow Cover 12"" x 18"""
P186030S,"Dots White Linen Throw Pillow Cover 17"" x 17"""
P186030SR,"Dots White Linen Throw Pillow Cover 12"" x 18"""
P186051RP,"Dots Midnight Bolster 6"" x 20"""
P186084GS,"Dots Black Throw Pillow Cover 22"" x 22"""
P186084S,"Dots Black Throw Pillow Cover 17"" x 17"""
P186107SR,"Dots Yellow Throw Pillow Cover 12"" x 18"""
P186139GS,"Dots Gold Throw Pillow Cover 22"" x 22"""
P186139S,"Dots Gold Throw Pillow Cover 17"" x 17"""
P186139SR,"Dots Gold Throw Pillow Cover 12"" x 18"""
P186197GS,"Dots Canvas Throw Pillow Cover 22"" x 22"""
P186197R,"Dots Canvas Throw Pillow Cover 14"" x 21"""
P186197S,"Dots Canvas Throw Pillow Cover 17"" x 17"""
P187049GS,"Big Alphablocks Blue Throw Pillow Cover 22"" x 22"""
P187107GS,"Big Alphablocks Yellow Throw Pillow Cover 22"" x 22"""
P599163VGS,"Two Tone Patina Velvet Throw Pillow Cover 22"" x 22"""
P599238VGS,"Two Tone Laurel Velvet Throw Pillow Cover 22"" x 22"""
P97030BR,"Feather-Down Throw Pillow Insert 14""x21"""
P97030GS3,"Feather-Down Throw Pillow Insert 22""x22"""
P97030S18,"Feather-Down Throw Pillow Insert 18""x18"""
P97030SR,"Feather-Down Throw Pillow Insert 12""x18"""
R584094LFR,Diamond Natural Flatweave Rug 8' x 10'
R584094MFR,Diamond Natural Flatweave Rug 5' x 8'
R585039LHR,Bluff Shale Handwoven Rug 8' x 10'
R585039MHR,Bluff Shale Handwoven Rug 5' x 8'
R585039SHR,Bluff Shale Handwoven Rug 4' x 6'
R585094LHR,Bluff Natural Handwoven Rug 8' x 10'
R585094MHR,Bluff Natural Handwoven Rug 5' x 8'
R585094SHR,Bluff Natural Handwoven Rug 4' x 6'
R586043LBR,Tate Graphite Braided Rug 8' x 11'
R586043MBR,Tate Graphite Braided Rug 5' x 8'
R586043SBR,Tate Graphite Braided Rug 4' x 6'
R586044LBR,Tate Stone Braided Rug 8' x 11'
R586044MBR,Tate Stone Braided Rug 5' x 8'
R586044SBR,Tate Stone Braided Rug 4' x 6'
R590094LRP,All Surface Rug Pad 8'x10'
R590094MLRP,All Surface Rug Pad 6'x9'
R590094MRP,All Surface Rug Pad 5'x8'
R590094SRP,All Surface Rug Pad 4'x6'
R600049MLHR,Indigo Blue Handwoven Rug 6' x 9'
R600049SHR,Indigo Blue Handwoven Rug 4' x 6'
R601094SJR,Variegated Stripe Jute Rug 4' x 6'
T160081MT,Buffalo Cranberry Tablecloth- Medium
T160162A,Buffalo Teal Apron
T161001A,Tiles Poppy Apron
T161034CN,Tiles Gray Cocktail Napkin
T161034OM,Tiles Gray Oven Mitt
T161084OM,Tiles Black Oven Mitt
B191084FD,Grid Black Duvet Cover Full
B191084FS,Grid Black Sheets Full
B191084KD,Grid Black Duvet Cover King
B191084KP,Grid Black Pillowcase King Set of 2
B191084KS,Grid Black Sheets King
B191084P,"Grid Black Knit Throw Pillow Cover 18"" x 18"""
B191084QD,Grid Black Duvet Cover Queen
B191084QS,Grid Black Sheets Queen
B191084SP,Grid Black Pillowcase Standard Set of 2
B191084TD,Grid Black Duvet Cover Twin
B191084TS,Grid Black Sheets Twin
B19108CBS,Regatta Marine Crib Skirt
B19108CF,Regatta Marine Crib Sheets Set of 2
B19108CP,Regatta Marine Changer Covers Set of 2
B216124FD,Cabana Sprinkles Mix Duvet Cover Full
B216124TD,Cabana Sprinkles Mix Duvet Cover Twin
B217182CF,Sprinkles Mint Crib Sheets Set of 2
B217182CP,Sprinkles Mint Changer Covers Set of 2
B217182FS,Sprinkles Mint Sheets Full
B217182SP,Sprinkles Mint Pillowcase Standard Set of 2
B217182TS,Sprinkles Mint Sheets Twin
B217219CF,Sprinkles Candy Crib Sheets Set of 2 Set of 2
B217219CP,Sprinkles Candy Changer Covers Set of 2
B217219FS,Sprinkles Candy Sheets Full
B217219SP,Sprinkles Candy Pillowcase Standard Set of 2
B217219TS,Sprinkles Candy Sheets Twin
B218034CBS,Cabana Gray Crib Skirt
B467044SP,Chambray Stone Pillowcase Standard Set of 2
B467044TS,Chambray Stone Sheets Twin
B467047ES,Chambray Sand Euro Sham Set of 2
B467047FS,Chambray Sand Sheets Full
B467047KS,Chambray Sand Sheets King
B467047QS,Chambray Sand Sheets Queen
B467220FD,Chambray Sand + Stone Reversible Duvet Cover Full
B467220KD,Chambray Sand + Stone Reversible Duvet Cover King
B467220QD,Chambray Sand + Stone Reversible Duvet Cover Queen
B467220TD,Chambray Sand + Stone Reversible Duvet Cover Twin
B482049KD,Orchid Blue Duvet Cover King
B482049QD,Orchid Blue Duvet Cover Queen
B484084R,Milano Black Slub Knit Throw Blanket
B486094B,Marquee Natural Knit Throw Blanket
B489001SP,Heirloom Poppy Pillowcase Standard Set of 2
B489001TD,Heirloom Poppy Duvet Cover Twin
B513034FS,Sashi Geo Gray Sheets Full
B513034KP,Sashi Geo Gray Pillowcase King Set of 2
B513034KS,Sashi Geo Gray Sheets King
B513034QS,Sashi Geo Gray Sheets Queen
B513034SP,Sashi Geo Gray Pillowcase Standard Set of 2
B513034TS,Sashi Geo Gray Sheets Twin
B547049FD,Humboldt Blue Duvet Cover Full
B547049KD,Humboldt Blue Duvet Cover King
B547049KP,Humboldt Blue Pillowcase King Set of 2
B547049QD,Humboldt Blue Duvet Cover Queen
D513084WP,Sashi Geo Black Wallpaper
D566034WP,Palm Gray Wallpaper
D566103WP,Palm Blush Wallpaper
D566162WP,Palm Teal Wallpaper
G104170T,Shapes Gray + Royal Tote
G104174TB,Shapes Gray + Primary Tote Bag
G106108PC,Anchors Marine Pencil Case
G158169EB,Gingham Cranberry Eyeglass Case
G158169TB,Gingham Cranberry Tote Bag
G160140TB,Buffalo Indigo Tote Bag
LF582084FB,Windsor Oak Black Bed Full
LF582084KB,Windsor Oak Black Bed King
LF582084QB,Windsor Oak Black Bed Queen
LF582084SW,Windsor Oak Black Bed Wood Swatch
LF582101QB,Windsor Oak Natural Bed Queen
LF582101SW,Windsor Oak Natural Bed Wood Swatch
LF583101KB,Garfield Oak Milkweed Bed King
LF583101QB,Garfield Oak Milkweed Bed Queen
LF583101SW,Garfield Oak Milkweed Bed Wood Swatch
LF596034UB,Mesh Gray Bench
LF596034UBFK,Mesh Gray Platform Bed King
LF596034UBFQ,Mesh Gray Platform Bed Queen
LF596034UBFT,Mesh Gray Platform Bed Twin
LF596084UBFK,Mesh Black Platform Bed King
LF596084UBFQ,Mesh Black Platform Bed Queen
LF596084UBFT,Mesh Black Platform Bed Twin
LF597027UBFK,Stippled Navy Platform Bed King
LF597027UBFQ,Stippled Navy Platform Bed Queen
LF597027UBFT,Stippled Navy Platform Bed Twin
P161084S,"Tiles Black Throw Pillow Cover 17"" x 17"""
P161084SR,"Tiles Black Throw Pillow Cover 12"" x 18"""
P161191GS,"Tiles Mauve Throw Pillow Cover 22"" x 22"""
P161191S,"Tiles Mauve Throw Pillow Cover 17"" x 17"""
P161191SR,"Tiles Mauve Throw Pillow Cover 12"" x 18"""
P18024GS,"Sailor Charcoal Throw Pillow Cover 22"" x 22"""
P18024R,"Sailor Charcoal Throw Pillow Cover 12"" x 28"""
P18024S,"Sailor Charcoal Throw Pillow Cover 17"" x 17"""
P18024SR,"Sailor Charcoal Throw Pillow Cover 12"" x 18"""
P18059S,"Sailor Forest Throw Pillow Cover 17"" x 17"""
P18059SR,"Sailor Forest Throw Pillow Cover 12"" x 18"""
P18103SR,"Sailor Light Pink Throw Pillow Cover 12"" x 18"""
P18112S,"Sailor Yellow + Navy Throw Pillow Cover 17"" x 17"""
P18112SR,"Sailor Yellow + Navy Throw Pillow Cover 12"" x 18"""
P18141S,"Sailor Olive + Wine Throw Pillow Cover 17"" x 17"""
P18142S,"Sailor Slate + Wine Throw Pillow Cover 17"" x 17"""
P183022GS,"Float Coral Throw Pillow Cover 22"" x 22"""
P258034R,"Brushed Gray Linen Throw Pillow Cover 12"" x 28"""
P258084R,"Brushed Black Throw Pillow Cover 12"" x 28"""
P258179R,"Brushed Cobalt Throw Pillow Cover 12"" x 28"""
P394032P,"Sonia Graphite Knit Throw Pillow Cover 18"" x 18"""
P484084P,"Milano Black Knit Throw Pillow Cover 18"" x 18"""
P484084R,"Milano Black Throw Pillow Cover 12"" x 18"""
P485084R,"Delano Black Throw Pillow Cover 12"" x 28"""
P485107R,"Delano Yellow Throw Pillow Cover 12"" x 28"""
P485182R,"Delano Mint Throw Pillow Cover 12"" x 28"""
P486094P,"Marquee Natural Knit Throw Pillow Cover 18"" x 18"""
P492124S,"Squiggles Colorblock Throw Pillow Cover 17"" x 17"""
P512043GS,"Lattice Graphite Linen Throw Pillow Cover 22"" x 22"""
P512084GS,"Lattice Black Linen Throw Pillow Cover 22"" x 22"""
P512091GS,"Lattice Red Linen Throw Pillow Cover 22"" x 22"""
P512165GS,"Lattice Burgundy Linen Throw Pillow Cover 22"" x 22"""
P513084GS,"Sashi Geo Black Linen Throw Pillow Cover 12"" x 18"""
P513084S,"Sashi Geo Black Linen Throw Pillow Cover 17"" x 17"""
P513140S,"Sashi Geo Indigo Linen Throw Pillow Cover 17"" x 17"""
P513140SR,"Sashi Geo Indigo Linen Throw Pillow Cover 12"" x 18"""
P513162S,"Sashi Geo Teal Linen Throw Pillow Cover 17"" x 17"""
P513162SR,"Sashi Geo Teal Linen Throw Pillow Cover 12"" x 18"""
P523091P,"Marled Red Knit Throw Pillow Cover 18"" x 18"""
P566034S,"Palm Gray Throw Pillow Cover 17"" x 17"""
P577030GS,"Havana White Outdoor Throw Pillow Cover 22"" x 22"""
P599051VGS,"Two Tone Midnight Velvet Throw Pillow Cover 22"" x 22"""
T158034A,Gingham Gray Apron
T158043ER,Gingham Graphite Euro Runner
T158043N,Gingham Graphite Napkin
T158091ER,Gingham Red Euro Runner
T158091PH,Gingham Red Pot Holder
T158173A,Gingham Putty Apron
T158173N,Gingham Putty Napkin
T158191A,Gingham Mauve Apron
T158191ER,Gingham Mauve Euro Runner
T185107PM,Alphablocks Yellow Placemat
T185182PM,Alphablocks Mint Placemat
T186091ER,Dots Red Euro Runner
T191084A,Grid Black Apron
T191084ER,Grid Black Euro Runner
T191084LT,Grid Black Tablecloth Large 60x120
T191084MT,Grid Black Tablecloth Medium 60x108
T191084N,Grid Black Napkin
T191084NS,Grid Black Napkin Set of 6
T191084OM,Grid Black Oven Mitt
T191084PH,Grid Black Pot Holder
T191084ST,Grid Black Tablecloth Small 60x90
T20089MT,Maritime Chestnut Tablecloth Medium 54x108
T21081A,Rope Cranberry Apron
T21081R,"Rope Cranberry Runner 90"" x 14"""
T468052PM,Cubic Silver Placemat
T492034A,Squiggles Gray Apron
T492034ER,Squiggles Gray Euro Runner
T492034N,Squiggles Gray Napkin
T492034OM,Squiggles Gray Oven Mitt
T492034PH,Squiggles Gray Pot Holder
T492124TC,Squiggles Colorblock Tablecloth 60x108
T512165ER,Lattice Burgundy Linen Runner
T512165N,Lattice Burgundy Linen Napkin
T520222LT,Garland Wine Tablecloth Large 60x120
T520222MT,Garland Wine Tablecloth Medium 60x108
T520222ST,Garland Wine Tablecloth Small 60x90
T356020A,Floral Burst Apron
T356020MT,Floral Burst Turquoise Tablecloth Medium 60x108
T356020ST,Floral Burst Turquoise Tablecloth Small 60x90
T360002LT,Linen Aqua Tablecloth 60x120
T360002N,Linen Aqua Napkin
T360043LT,Linen Graphite Tablecloth 60x120
T360043N,Linen Graphite Napkin
T360082N,Linen Ivory Napkin
T360084N,Linen Black Napkin
T360165N,Linen Burgundy Napkin